"question","answer"
"What is the 'Golden 50 Years' initiative between Brazil and China?","A long-term strategic plan to deepen cooperation across sectors like trade, technology, and sustainability."
"How many agreements were signed during President Lula's 2025 visit to China?","20 agreements were signed to strengthen cooperation over the next 50 years."
"What sectors are targeted in the Brazil-China 2025 cooperation agreements?","Sectors include trade, infrastructure, green energy, digital economy, agriculture, and space technology."
"What is the CBERS project?","The China-Brazil Earth Resources Satellite project for joint satellite development and Earth observation."
"What is the goal of the CBERS project?","To enhance Earth observation capabilities and promote South-South cooperation in space technology."
"What is the Belt and Road Initiative (BRI)?","China's global infrastructure and economic development strategy."
"How is Brazil engaging with the BRI?","By aligning its policies with the BRI to synergize development efforts."
"What is the purpose of the Brazil-China Joint Declaration?","To outline mutual commitments and strengthen bilateral relations."
"What is the significance of the currency swap agreement between Brazil and China?","It enhances financial cooperation and provides liquidity support during market stress."
"How much is the currency swap agreement worth?","157 billion reais (approximately $27.69 billion) over five years."
"What is the focus of the Brazil-China Food Security Dialogue?","Collaborating on biotechnology and low-carbon agriculture to ensure sustainable food supplies."
"What is the aim of the vegetation restoration agreement between Brazil and China?","To restore 12 million hectares of degraded land in Brazil by 2030."
"What is the significance of the new trade routes opened between Brazil and China?","They reduce costs and freight times for solar equipment imports to Brazil's North and Northeast regions."
"What is the impact of China's investment in Brazil's Port of Santos?","It aims to triple the port's annual capacity to 14 million tons, enhancing agricultural exports."
"What is the role of the New Development Bank in Brazil-China cooperation?","To finance projects supporting sustainable development in both countries."
"What is the significance of Brazil's export of distillers dried grains (DDGs) to China?","It diversifies China's animal feed sources and strengthens agricultural trade ties."
"What is the focus of the Brazil-China summit held in Shanghai in April 2025?","Discussing bilateral business opportunities in sectors like agribusiness, mining, and renewable energy."
"What is the significance of the 37 agreements signed during President Xi's 2024 visit to Brazil?","They cover a wide range of sectors, deepening bilateral cooperation."
"What is the importance of the Brazil-China Joint Statement on Combating Climate Change?","It commits both countries to broaden and diversify cooperation on climate issues."
"What is the role of the Task Force on Financial Cooperation established by Brazil and China?","To implement agreements and present priority projects within two months."
"What is the significance of China's investment in Brazil's electric vehicle (EV) industry?","It supports the development of EV manufacturing and promotes clean energy use."
"What is the impact of Brazil's soybean exports to China in March 2025?","Brazil exported approximately 15.7 million tons, the highest amount for the month ever exported to China."
"What is the focus of the Brazil-China cooperation in green infrastructure?","Developing sustainable infrastructure projects to promote environmental sustainability."
"What is the significance of the Brazil-China cooperation in digitalization?","Enhancing digital economies and technological innovation in both countries."
"What is the role of the China-Brazil community with a shared future?","To build a more just and sustainable world through strengthened bilateral ties."
"What is the importance of Brazil's participation in the Mercosur-China Dialogue?","Enhancing cooperation in investment areas and regional economic integration."
"What is the impact of China's investment in Brazil's renewable energy sector?","Supporting the development of clean energy projects and reducing carbon emissions."
"What is the focus of the Brazil-China cooperation in space research?","Joint development of satellite technology and space exploration initiatives."
"What is the significance of the Brazil-China cooperation in combating hunger?","Collaborating on food security measures and sustainable agriculture practices."
"What is the role of the Brazil-China cooperation in trade facilitation?","Simplifying trade processes and enhancing bilateral commerce."
"What is the impact of Brazil's coffee exports to China?","Leveraging Brazil's position as the world's largest coffee producer to meet China's growing demand."
"What is the focus of the Brazil-China cooperation in biotechnology?","Advancing agricultural technologies and improving crop resilience."
"What is the significance of the Brazil-China cooperation in low-carbon agriculture?","Promoting sustainable farming practices to reduce greenhouse gas emissions."
"What is the role of the Brazil-China cooperation in climate-resilient farming?","Developing farming models that can withstand climate change impacts."
"What is the impact of China's investment in Brazil's logistics infrastructure?","Improving transportation networks to facilitate trade and economic growth."
"What is the focus of the Brazil-China cooperation in smart cities?","Implementing technological solutions to enhance urban living and sustainability."
"What is the significance of the Brazil-China cooperation in artificial intelligence?","Advancing AI research and applications for economic development."
"What is the role of the Brazil-China cooperation in education and culture?","Promoting cultural exchange and educational collaboration between the two countries."
"What is the impact of China's investment in Brazil's mining sector?","Enhancing resource extraction and contributing to economic development."
"What is the focus of the Brazil-China cooperation in health?","Collaborating on healthcare initiatives and medical research."
"What is the significance of the Brazil-China cooperation in tourism?","Boosting tourism exchanges and economic benefits for both countries."
"What is the role of the Brazil-China cooperation in sports?","Fostering sports development and cultural exchange through joint initiatives."
"What is the impact of China's investment in Brazil's agriculture sector?","Improving agricultural productivity and food security."
"What is the focus of the Brazil-China cooperation in science and technology?","Advancing research and innovation to drive economic growth."
"What is the significance of the Brazil-China cooperation in communications?","Enhancing information exchange and technological collaboration."
"What is the role of the Brazil-China cooperation in sustainable development?","Promoting environmentally friendly practices and economic sustainability."
"What is the impact of China's investment in Brazil's energy sector?","Supporting energy infrastructure and diversifying energy sources."
"What is the focus of the Brazil-China cooperation in finance?","Strengthening financial systems and investment opportunities."
"What is the significance of the Brazil-China cooperation in industry?","Boosting industrial development and technological advancement."
"What is the role of the Brazil-China cooperation in infrastructure?","Developing transportation and construction projects to support economic growth."
"What is the impact of China's investment in Brazil's extractive industries?","Enhancing resource development and contributing to the economy."
"What is the focus of the Brazil-China cooperation in environmental protection?","Addressing climate change and promoting ecological sustainability."
"What is the primary focus of the 2025 Brazil-China partnership?","The partnership emphasizes cooperation in green infrastructure, digitalization, and multilateralism."
"How many agreements did Brazil and China sign during President Lula's 2025 visit to China?","They signed 20 agreements covering various sectors."
"What is the goal of the Brazil-China AI agreement signed in 2025?","To strengthen cooperation in artificial intelligence, including joint research and infrastructure development."
"Which forum did President Lula attend in China in May 2025?","The CELAC-China Forum."
"What is the term length of the Brazil-China AI agreement signed in 2025?","The agreement has a 3-year term and is automatically renewed."
"What is the estimated investment of Brazil's AI Plan by 2028?","Over US$ 4.7 billion."
"Which countries are founding members of the BRICS group mentioned in the 2025 summit?","Brazil and China."
"What did President Lula emphasize about the Brazil-China relationship in 2025?","He stated that the relationship 'has never been more necessary than it is today.'"
"What concept did Chinese President Xi Jinping announce during his 2024 visit to Brazil?","The 'community of shared future' concept."
"What was the main message of the 2025 Brazil-China summit?","To oppose protectionism and power politics."
"What is the CBERS project?","The China-Brazil Earth Resource Satellite project, showcasing South-South cooperation in space technology."
"What is the purpose of the CBERS project?","To enhance independent innovation capabilities and promote technology for good purposes."
"What did Antonio say about the CBERS project?","He stated that cooperation, rather than competition, can drive progress for a more just and sustainable world."
"What is the significance of the CBERS project in 2025?","It demonstrates China's responsibilities in scientific and technological development."
"What did the joint statement issued by China and Brazil in May 2025 emphasize?","Strengthening the building of a China-Brazil community with a shared future for a more just world."
"What is the focus of the China-Brazil community with a shared future?","Promoting a more sustainable planet and jointly upholding multilateralism."
"What did the joint statement between China and Brazil in 2025 aim to address?","Global issues and strengthening bilateral ties."
"What is the significance of the China-Brazil joint statement in 2025?","It underscores the commitment to a more just and sustainable world."
"What is the main goal of the Brazil-China partnership in combating climate change?","To broaden, deepen, and diversify bilateral cooperation in climate efforts."
"What international framework guides the Brazil-China climate cooperation?","The United Nations Framework Convention on Climate Change (UNFCCC)."
"What principles underpin the Brazil-China climate cooperation?","Equity and the principle of common but differentiated responsibilities."
"What is Brazil's target for restoring degraded land by 2030?","Restoring 12 million hectares of degraded land."
"What plan outlines Brazil's goal for vegetation recovery?","The National Native Vegetation Recovery Plan (PLANAVEG)."
"What is the significance of the PLANAVEG in Brazil-China cooperation?","It supports Brazil's commitment to reducing greenhouse gas emissions under the Paris Agreement."
"What is the focus of the Brazil-China cooperation in agriculture?","Expanding cooperation in biotechnology and low-carbon agriculture."
"What is Brazil's experience relevant to China's food security?","Expertise in bioinputs, tropical seed technologies, and climate-resilient farming models."
"What is the Brazil-China Dialogue on Food Security?","A 2025 event highlighting common priorities in sustainable agriculture."
"What is the significance of the Brazil-China cooperation in food security?","Ensuring reliable and sustainable food supplies."
"What is the main objective of the Brazil-China economic cooperation in 2025?","To strengthen economic ties amid global trade uncertainties."
"What is the focus of the Brazil-China Economic Summit held in April 2025?","Strengthening ties in agriculture, infrastructure, and investment."
"What is the significance of the Brazil-China Economic Summit?","Positioning both countries as key partners in the Global South."
"What is the main message from the Brazil-China summit in 2025?","A commitment to defend free trade and multilateralism."
"What is the significance of the Brazil-China agreements signed in 2025?","They aim to strengthen mutual relations and oppose unilateralism."
"What is the focus of the Brazil-China cooperation in digital economy?","Strengthening cooperation in artificial intelligence and digital infrastructure."
"What is the role of the Brazil Ministry of Development, Industry and Foreign Trade in the AI agreement?","It represents Brazil in the memorandum of understanding with China."
"What is the role of the National Development and Reform Commission of China in the AI agreement?","It represents China in the memorandum of understanding with Brazil."
"What is the significance of the AI agreement between Brazil and China?","It aims to digitalize the Brazilian industry and expand technical capacity."
"What is the focus of the Brazil-China cooperation in renewable energy?","Investing in green infrastructure and sustainable development."
"What is the significance of the Brazil-China cooperation in green infrastructure?","It supports Brazil's ecological transformation and sustainable growth."
"What is the focus of the Brazil-China cooperation in infrastructure?","Developing key shipping projects and improving trade routes."
"What is the significance of the Brazil-China cooperation in shipping projects?","Facilitating exports and strengthening economic ties."
"What is the focus of the Brazil-China cooperation in trade?","Enhancing bilateral trade and investment opportunities."
"What is the significance of the Brazil-China trade cooperation?","Positioning both countries as strategic partners in the global economy."
"What is the focus of the Brazil-China cooperation in education?","Promoting personnel exchanges through training courses and academic visits."
"What is the significance of the Brazil-China cooperation in education?","Building human resources and technical capacity in both countries."
"What is the focus of the Brazil-China cooperation in technology?","Advancing research and development in artificial intelligence and digital economy."
"What is the significance of the Brazil-China cooperation in technology?","Fostering innovation and technological advancement."
"What is the focus of the Brazil-China cooperation in space technology?","Collaborating on satellite projects and space exploration."
"What is the significance of the Brazil-China cooperation in space technology?","Demonstrating South-South cooperation and technological progress."
"What is the focus of the Brazil-China cooperation in climate change?","Joint efforts to combat climate change and promote sustainability."
"What is the significance of the Brazil-China cooperation in climate change?","Contributing to global climate governance and sustainable development."
"Who led the Brazilian delegation during the May 2025 state visit to China?","President Luiz Inácio Lula da Silva led the Brazilian delegation during the May 2025 state visit to China."
"What was the purpose of President Lula's state visit to China in May 2025?","The purpose was to strengthen economic cooperation amid a tense global landscape."
"Which Chinese leader did President Lula meet during his May 2025 visit to China?","President Lula met with Chinese President Xi Jinping during his May 2025 visit."
"How many bilateral agreements were signed between Brazil and China during President Xi Jinping's November 2024 visit to Brazil?","37 bilateral agreements were signed between Brazil and China during President Xi Jinping's November 2024 visit."
"In which Brazilian city did the Brazil Lithium & Critical Minerals Summit 2025 take place?","The Brazil Lithium & Critical Minerals Summit 2025 took place in Belo Horizonte."
"What is Brazil's target for restoring degraded land by 2030?","Brazil's target is to restore 12 million hectares of degraded land by 2030."
"Which Chinese company is involved in the construction of a deep-water port in Peru?","China's state-owned company is constructing a $3.5 billion deep-water port in Peru."
"Which Brazilian port is being expanded to enhance grain transport to China?","The Port of Santos in Brazil is being expanded to enhance grain transport to China."
"What is the Bioceanic Railway project?","The Bioceanic Railway project aims to connect Brazil's Atlantic coast to Peru's Pacific coast for efficient grain export."
"Which Brazilian city would serve as the Atlantic terminus of the Bioceanic Railway?","The Brazilian city of Ilhéus would serve as the Atlantic terminus of the Bioceanic Railway."
"How much is the projected investment for the Bioceanic Railway project?","The projected investment for the Bioceanic Railway project is R$25 billion."
"What is the Growth Acceleration Program (PAC)?","PAC is one of the four pillars of the Brazil-China strategic partnership, focusing on infrastructure development."
"What is the New Brazil Industry (NIB)?","NIB is one of the four pillars of the Brazil-China strategic partnership, focusing on industrial development."
"What is the Ecological Transformation Plan?","The Ecological Transformation Plan is one of the four pillars of the Brazil-China strategic partnership, focusing on environmental sustainability."
"What is the China-Brazil Cooperation Fund?","The China-Brazil Cooperation Fund is a bilateral investment cooperation fund established by the Chinese and Brazilian governments."
"What is the purpose of the China-Brazil Cooperation Fund?","The purpose is to funnel Chinese infrastructure and industrial investment into Brazil."
"How much was the initial contribution to the China-Brazil Cooperation Fund?","The initial contribution was US$20 billion, with US$15 billion from China and US$5 billion from Brazil."
"What sectors are targeted by the China-Brazil Cooperation Fund?","The fund targets sectors like infrastructure, industry, and energy."
"Which Brazilian state was affected by floods in April 2024, leading to Chinese assistance?","The Brazilian state of Rio Grande do Sul was affected by floods in April 2024."
"What is the Belt and Road Initiative?","The Belt and Road Initiative is a global development strategy adopted by China involving infrastructure development and investments."
"Has Brazil joined China's Belt and Road Initiative?","No, Brazil has not joined China's Belt and Road Initiative."
"What is the significance of Brazil's participation in the China-CELAC Forum?","Brazil's participation underscores its strategic role in Latin America-China relations."
"Where was the fourth ministerial meeting of the China-CELAC Forum held in May 2025?","The fourth ministerial meeting of the China-CELAC Forum was held in Beijing in May 2025."
"Which countries' leaders attended the fourth ministerial meeting of the China-CELAC Forum?","Leaders from Brazil, Colombia, and Chile attended the fourth ministerial meeting."
"What initiatives did Chinese President Xi Jinping announce at the China-CELAC Forum?","President Xi announced five initiatives encompassing solidarity, development, civilization, peace, and people-to-people connectivity."
"What is the China-Latin America Center for Sustainable Food Innovation?","It is a platform established under the China-CELAC Forum to promote sustainable food innovation."
"What is the China-Latin America Center for Technology Transfer?","It is a platform established under the China-CELAC Forum to promote technology transfer."
"What is the China-Latin America Center for News Exchange?","It is a platform established under the China-CELAC Forum to promote news exchange."
"What is the China-Latin America Cooperation Fund?","It is a fund established under the China-CELAC Forum to support cooperation projects."
"What is the China-Latin America Infrastructure Special Loan?","It is a financial instrument established under the China-CELAC Forum to support infrastructure projects."
"Which Brazilian city is set to host COP30 in 2025?","The Brazilian city of Belém is set to host COP30 in 2025."
"Which country announced its support for Brazil's candidacy to host COP30?","China announced its support for Brazil's candidacy to host COP30."
"What is the significance of COP30 for Brazil-China relations?","COP30 represents a platform for both countries to collaborate on environmental issues."
"Which Brazilian minister emphasized the importance of implementing the Brazil-China environmental cooperation work plan?","Brazil's Minister of Environment, Marina Silva, emphasized the importance."
"Which Chinese minister did Marina Silva meet with to discuss environmental cooperation?","Marina Silva met with China's Minister of Ecology and Environment, Huang Runqiu."
"What is the focus of the Brazil-China environmental cooperation work plan?","The focus is on restoring degraded lands and promoting sustainable development."
"What is the role of the China-Brazil High-Level Commission for Consultation and Cooperation (COSBAN)?","COSBAN guides and coordinates bilateral cooperation in various areas."
"What is the China-Brazil Subcommittee on Environment and Climate Change?","It is a subcommittee under COSBAN focusing on environmental and climate change issues."
"Which Brazilian state is involved in the Bioceanic Railway project?","The Brazilian state of Bahia is involved in the Bioceanic Railway project."
"Which Chinese company is constructing a deep-water port in Peru?","China's state-owned company is constructing a $3.5 billion deep-water port in Peru."
"What is the significance of the Bioceanic Railway for Brazilian exports?","It aims to shorten transportation time for Brazilian exports to Asian markets."
"Which Brazilian port is being expanded to enhance grain transport to China?","The Port of Santos in Brazil is being expanded to enhance grain transport to China."
"What is the projected annual capacity of the expanded Port of Santos?","The projected annual capacity is 14 million tons."
"Which Brazilian company is involved in the construction of electric vehicle factories?","BYD Brazil is involved in the construction of electric vehicle factories."
"Where is BYD Brazil constructing its electric vehicle factory?","BYD Brazil is constructing its electric vehicle factory in Camaçari, Bahia."
"What is the controversy surrounding BYD Brazil's factory construction?","The controversy involves allegations of poor working conditions and labor rights violations."
"What measures have Brazilian authorities taken in response to the allegations against BYD Brazil?","Brazilian authorities have suspended the issuance of visas to BYD workers and filed a lawsuit."
"Which Brazilian state is affected by the controversy surrounding BYD Brazil's factory?","The Brazilian state of Bahia is affected by the controversy."
"How has BYD responded to the allegations of poor working conditions?","BYD has denied the allegations and expressed commitment to labor laws."
"Which Brazilian company is involved in the construction of electric vehicle factories?","BYD Brazil is involved in the construction of electric vehicle factories."
"What significant investment did China make in Brazil's sustainable aviation fuel sector in 2025?","China's Envision Energy invested $1 billion in producing sustainable aviation fuel from sugarcane in Brazil."
"Which Brazilian port is involved in TikTok's planned data center investment?","TikTok is considering installing data centers in the port of Pecém, Ceará."
"How much is TikTok's planned investment in Brazil's data infrastructure?","TikTok's planned investment in Brazil's data infrastructure is 50 billion reais (approximately $8.82 billion)."
"What is the goal of Brazil's National Native Vegetation Recovery Plan (PLANAVEG)?","The goal is to restore 12 million hectares of degraded land by 2030."
"Which Brazilian city is set to host COP30 in 2025?","The city of Belém in the Brazilian Amazon is set to host COP30."
"Which Chinese company is investing in Brazil's electric vehicle manufacturing?","Chinese company BYD is investing in electric vehicle manufacturing in Brazil."
"Where is BYD's planned electric vehicle factory located in Brazil?","BYD's planned electric vehicle factory is located in Camaçari, Bahia."
"What is the projected annual vehicle production capacity of BYD's Brazilian factory?","The projected annual vehicle production capacity is up to 300,000 cars."
"Which Brazilian state is a key focus for China's railway investment?","The state of Goiás is a key focus for China's railway investment."
"What is the Bioceanic Railway project?","The Bioceanic Railway project aims to export Brazilian grains through the port of Chancay in Peru."
"Which Chinese company is involved in the Bioceanic Railway project?","China State Railway Group Co is involved in the Bioceanic Railway project."
"What is the estimated investment for the Bioceanic Railway project?","The estimated investment for the Bioceanic Railway project is R$25 billion."
"Which Brazilian agricultural product is China interested in importing more of?","China is interested in importing more Brazilian fruit, including grapes and sesame."
"What is the value of Brazil's new agricultural exports to China?","The value of Brazil's new agricultural exports to China is $450 million."
"What is the focus of the Brazil-China Dialogue on Food Security?","The focus is on biotechnology and low-carbon agriculture."
"Which Brazilian financial institution is collaborating with Huawei on AI research?","Brazil's Dataprev is collaborating with Huawei on AI research."
"What is the purpose of the Virtual Center for Research and Development in Artificial Intelligence?","The purpose is to develop applications in agriculture, health, public security, and mobility."
"Which Brazilian company is partnering with China's Spacesail for satellite internet?","Brazil's Telebras is partnering with China's Spacesail for satellite internet."
"What is the goal of the East–West Rail Corridor project?","The goal is to interconnect Brazil and facilitate trade through integration routes."
"Which two oceans will the East–West Rail Corridor connect?","The East–West Rail Corridor will connect the Atlantic and Pacific Oceans."
"How many integration routes are planned for the East–West Rail Corridor?","There are five integration routes planned for the East–West Rail Corridor."
"What is the estimated investment for the East–West Rail Corridor?","The estimated investment for the East–West Rail Corridor is R$25 billion."
"Which Chinese company is constructing a deep-water facility in Peru?","China's state-owned company is constructing a $3.5 billion deep-water facility in Peru."
"Which Brazilian port is involved in China's infrastructure investment?","Brazil's Port of Santos is involved in China's infrastructure investment."
"What is the current annual capacity of Brazil's Port of Santos?","The current annual capacity of Brazil's Port of Santos is 14 million tons."
"Which Brazilian company is expanding its logistics infrastructure with Chinese investment?","Brazil's Cofco is expanding its logistics infrastructure with Chinese investment."
"Which Brazilian infrastructure project is part of the South American Integration Routes?","The Bioceanic Railway is part of the South American Integration Routes."
"Which Brazilian state is a key focus for China's logistics investment?","The state of Goiás is a key focus for China's logistics investment."
"Which Chinese company is investing in Brazil's renewable energy sector?","China's PowerChina International Group is investing in Brazil's renewable energy sector."
"Which Brazilian company is collaborating with Huawei on AI research?","Brazil's Dataprev is collaborating with Huawei on AI research."
"What is the goal of the Brazil-China Dialogue on Food Security?","The goal is to enhance cooperation in biotechnology and low-carbon agriculture."
"Which Brazilian company is partnering with China's Spacesail for satellite internet?","Brazil's Telebras is partnering with China's Spacesail for satellite internet."
"What is the purpose of the Virtual Center for Research and Development in Artificial Intelligence?","The purpose is to develop AI applications in agriculture, health, public security, and mobility."
"Which Brazilian financial institution is collaborating with Huawei on AI research?","Brazil's Dataprev is collaborating with Huawei on AI research."
"What is the focus of the Brazil-China Dialogue on Food Security?","The focus is on biotechnology and low-carbon agriculture."
"Which Brazilian agricultural product is China interested in importing more of?","China is interested in importing more Brazilian fruit, including grapes and sesame."
"What is the value of Brazil's new agricultural exports to China?","The value of Brazil's new agricultural exports to China is $450 million."
"Which Brazilian state is a key focus for China's railway investment?","The state of Goiás is a key focus for China's railway investment."
"What is the Bioceanic Railway project?","The Bioceanic Railway project aims to export Brazilian grains through the port of Chancay in Peru."
"Which Chinese company is involved in the Bioceanic Railway project?","China State Railway Group Co is involved in the Bioceanic Railway project."
"What is the estimated investment for the Bioceanic Railway project?","The estimated investment for the Bioceanic Railway project is R$25 billion."
"Which Brazilian state is a key focus for China's logistics investment?","The state of Goiás is a key focus for China's logistics investment."
"Which Chinese company is constructing a deep-water facility in Peru?","China's state-owned company is constructing a $3.5 billion deep-water facility in Peru."
"Which Brazilian port is involved in China's infrastructure investment?","Brazil's Port of Santos is involved in China's infrastructure investment."
"What is the current annual capacity of Brazil's Port of Santos?","The current annual capacity of Brazil's Port of Santos is 14 million tons."
"Which Brazilian company is expanding its logistics infrastructure with Chinese investment?","Brazil's Cofco is expanding its logistics infrastructure with Chinese investment."
"Which Brazilian infrastructure project is part of the South American Integration Routes?","The Bioceanic Railway is part of the South American Integration Routes."
"Which Brazilian state is a key focus for China's logistics investment?","The state of Goiás is a key focus for China's logistics investment."
"What are the main goals of the Brazil-China partnership in 2025?","To enhance trade, technology exchange, and sustainable development cooperation."
"How does Brazil benefit from the 2025 partnership with China?","Brazil gains increased investment, improved infrastructure, and expanded export markets."
"What sectors are prioritized in the Brazil-China partnership for 2025?","Agriculture, technology, infrastructure, and clean energy."
"What role does technology exchange play in the Brazil-China 2025 partnership?","It facilitates innovation and strengthens industrial capacities in both countries."
"How will Brazil-China cooperation impact agriculture in 2025?","By introducing advanced agricultural technologies and expanding export opportunities."
"What infrastructure projects are planned under the Brazil-China 2025 partnership?","Projects include railways, ports, and renewable energy facilities."
"What environmental commitments are included in the Brazil-China 2025 partnership?","Joint efforts to promote sustainable development and reduce carbon emissions."
"How does the partnership affect trade relations between Brazil and China?","It increases trade volume and diversifies traded goods."
"What new technologies will be shared between Brazil and China in 2025?","Technologies related to AI, renewable energy, and digital infrastructure."
"What is the significance of the 2025 Brazil-China partnership for Latin America?","It strengthens regional economic integration and boosts development."
"How will the 2025 partnership influence Brazil's industrial sector?","By modernizing industries and promoting innovation through Chinese investment."
"What opportunities does China seek in partnering with Brazil in 2025?","Access to natural resources and expanding markets for Chinese goods."
"What is the expected impact of the Brazil-China partnership on Brazil's economy in 2025?","Economic growth through increased investment and exports."
"How will the partnership help Brazil in renewable energy development?","Through joint projects and technology transfer in solar and wind power."
"What challenges might Brazil face in the 2025 partnership with China?","Balancing trade deficits and ensuring sustainable resource management."
"How does the Brazil-China 2025 partnership address climate change?","By collaborating on green technologies and emission reduction programs."
"What role will digital transformation play in Brazil-China cooperation in 2025?","It will improve connectivity and support smart city initiatives."
"How will the partnership affect small and medium enterprises in Brazil?","By providing access to new technologies and expanding export markets."
"What trade goods are expected to grow between Brazil and China in 2025?","Agricultural products, electronics, and machinery."
"How does China plan to support Brazil's infrastructure in 2025?","Through financing and technology for transportation and energy projects."
"What are the cultural exchange plans in the Brazil-China 2025 partnership?","Promoting educational programs and cultural events to strengthen ties."
"How important is the Brazil-China 2025 partnership for global supply chains?","It enhances supply chain resilience and diversification."
"How will the 2025 partnership influence Brazilian exports to China?","Exports are expected to increase significantly, especially in commodities."
"What role does innovation play in the Brazil-China 2025 partnership?","It drives competitiveness and joint development of new technologies."
"What financial mechanisms support the Brazil-China partnership in 2025?","Bilateral investment funds and credit lines for joint projects."
"What impact does the 2025 partnership have on Brazil's job market?","Job creation through infrastructure and technology projects."
"How will China benefit from investing in Brazil in 2025?","Access to resources and expanded presence in Latin America."
"What is the significance of the Belt and Road Initiative in the Brazil-China partnership?","It facilitates infrastructure connectivity and trade expansion."
"How do Brazil and China plan to collaborate in science and research in 2025?","Through joint research centers and exchange programs."
"What is the expected effect on Brazilian innovation hubs from the partnership?","Increased funding and collaboration with Chinese tech companies."
"How will logistics improve under the Brazil-China 2025 partnership?","By developing ports, railways, and digital tracking systems."
"What measures are included to ensure sustainable mining cooperation?","Environmental safeguards and shared best practices."
"How does the partnership promote renewable agriculture technologies?","By introducing precision farming and resource-efficient techniques."
"What investments are planned for urban development in Brazil?","Smart city projects and sustainable housing initiatives."
"How will educational cooperation evolve in the Brazil-China partnership?","With scholarships, language programs, and joint academic research."
"How does the 2025 partnership affect Brazil's energy exports?","It diversifies energy exports including biofuels and renewables."
"What digital economy opportunities arise from the Brazil-China partnership?","E-commerce growth and digital infrastructure development."
"What are the trade balance goals of the Brazil-China 2025 partnership?","Achieving a more balanced and diversified trade relationship."
"How will the partnership support Brazil's technological startup ecosystem?","By facilitating access to Chinese investors and markets."
"What are the key environmental projects under the 2025 agreement?","Reforestation, water management, and clean energy adoption."
"What infrastructure financing strategies are used in the partnership?","Public-private partnerships and low-interest loans."
"How does the partnership aim to enhance Brazil's export competitiveness?","By improving logistics and adopting advanced production technologies."
"What role do joint ventures play in Brazil-China 2025 projects?","They enable technology transfer and shared risks."
"How will the partnership impact Brazil's regional development?","By promoting investments in less-developed areas."
"What digital security measures are included in the cooperation?","Collaborative efforts on cybersecurity and data protection."
"How does the partnership aim to increase foreign direct investment in Brazil?","Through streamlined regulations and targeted incentives."
"What sectors will see the most innovation due to the partnership?","Agritech, renewable energy, and digital services."
"What are the long-term goals of the Brazil-China 2025 partnership?","Sustainable economic growth and strategic global cooperation."
"What role does logistics modernization play in the partnership?","It reduces costs and increases efficiency in trade."
"How will Brazil's natural resource management benefit?","By adopting Chinese technologies for sustainable extraction."
"What cultural benefits come from the 2025 Brazil-China cooperation?","Stronger people-to-people connections and mutual understanding."
"What is the name of the strategic partnership between Brazil and China established in 1993?","The strategic partnership is called the Brazil-China Community of Shared Destiny for a Fairer World and a More Sustainable Planet."
"When did Chinese President Xi Jinping visit Brazil?","Xi Jinping visited Brazil in November 2024."
"What was the purpose of President Lula's state visit to China in May 2025?","The visit aimed to strengthen economic cooperation and deepen bilateral ties between Brazil and China."
"How much is China planning to invest in Brazil by 2025?","China plans to invest over $27 billion in Brazil by 2025."
"What is the Bioceanic Railway project?","The Bioceanic Railway is a proposed rail link connecting Brazil's Atlantic coast to Peru's Pacific coast, facilitating grain exports to Asia."
"Which Chinese company is constructing a major export terminal at Brazil's Port of Santos?","The Chinese company Cofco is constructing the export terminal."
"What is the significance of the Brazil-China currency swap agreement signed in May 2025?","The agreement, valued at 157 billion reais ($27.69 billion), aims to enhance liquidity and support financial markets during times of stress."
"Which Brazilian city is set to host COP30 in 2025?","The Brazilian city of Belém is set to host COP30."
"What is the goal of Brazil's National Native Vegetation Recovery Plan (PLANAVEG)?","The goal is to restore 12 million hectares of degraded land by 2030."
"Which Chinese company is investing in electric vehicle manufacturing in Brazil?","The Chinese company BYD is investing in electric vehicle manufacturing in Brazil."
"What is the focus of the Brazil-China Dialogue on Food Security held in 2025?","The dialogue focuses on biotechnology and low-carbon agriculture to ensure sustainable food supplies."
"Which Brazilian agricultural product is China allowing for export amid the U.S.-China trade tensions?","China is allowing the export of distillers dried grains (DDGs), a by-product of ethanol used in animal feed."
"What is the value of the trade balance between Brazil and China in 2024?","Brazil's exports to China totaled $94.37 billion, while imports reached $63.6 billion in 2024."
"What is the purpose of the China-Brazil Cooperation Fund established in 2017?","The fund aims to support infrastructure and industrial investment projects in Brazil."
"Which Brazilian state is benefiting from a Chinese loan after floods in April 2024?","The Brazilian state of Rio Grande do Sul is benefiting from the Chinese loan."
"Which Brazilian company partnered with Huawei to create a Virtual Center for Research and Development in Artificial Intelligence?","The Brazilian company Dataprev partnered with Huawei."
"What is the significance of the Brazil-China High-Level Commission for Consultation and Cooperation (COSBAN)?","COSBAN coordinates bilateral cooperation in various areas, including environment, climate change, and sustainable development."
"What is the objective of the China-CELAC Forum?","The forum aims to strengthen cooperation between China and Latin American and Caribbean countries."
"Which Chinese company is involved in constructing a deep-water port in Peru to facilitate grain exports from Brazil?","The Chinese company PowerChina is involved in constructing the port."
"How much is PowerChina investing in Brazil's energy sector?","PowerChina is investing R$3 billion in Brazil's energy sector."
"Which Brazilian city is the Atlantic terminus for the Bioceanic Railway project?","The Brazilian city of Ilhéus is the Atlantic terminus for the Bioceanic Railway."
"What is the focus of the Brazil-China Summit held in Shanghai in April 2025?","The summit focused on globalization and business, discussing various bilateral business opportunities."
"Which Brazilian company is expanding its logistics infrastructure with a R$1.2 billion investment?","The Brazilian company Cofco is expanding its logistics infrastructure."
"What is the significance of the Brazil-China trade seminar?","The seminar generated multiple agreements to deepen bilateral business links."
"Which Brazilian agricultural products are included in the new export protocols to China?","The new export protocols include sorghum, fresh grapes, sesame, and fishmeal."
"What is the goal of the China-Brazil Subcommittee on the Environment and Climate Change?","The goal is to strengthen cooperation in environmental protection and combating climate change."
"Which Brazilian state is involved in the Bioceanic Railway project?","The Brazilian state of Bahia is involved in the Bioceanic Railway project."
"Which Chinese company is investing in Brazil's electric vehicle manufacturing?","The Chinese company BYD is investing in Brazil's electric vehicle manufacturing."
"What is the significance of the Brazil-China joint statement on global issues?","The joint statement emphasizes strengthening the China-Brazil community with a shared future and upholding multilateralism."
"Which Brazilian company is collaborating with Spacesail to expand internet access in remote areas?","The Brazilian company Telebras is collaborating with Spacesail."
"Which Brazilian city is hosting the 2025 World Wushu Championships?","The Brazilian city of Brasília is hosting the 2025 World Wushu Championships."
"What is the focus of the Brazil-China cooperation in the agricultural sector?","The focus is on expanding exports of Brazilian agricultural products to China."
"Which Brazilian company is involved in the construction of a deep-water port in Peru?","The Brazilian company PowerChina is involved in the construction of the port."
"What is the significance of the Brazil-China cooperation in the energy sector?","The cooperation aims to enhance energy infrastructure and promote sustainable development."
"Which Brazilian company is expanding its logistics infrastructure with a R$1.2 billion investment?","The Brazilian company Cofco is expanding its logistics infrastructure."
"What is the objective of the Brazil-China High-Level Commission for Consultation and Cooperation (COSBAN)?","COSBAN coordinates bilateral cooperation in various areas, including environment, climate change, and sustainable development."
"Which Brazilian state is benefiting from a Chinese loan after floods in April 2024?","The Brazilian state of Rio Grande do Sul is benefiting from the Chinese loan."
"Which Chinese company is involved in constructing a deep-water port in Peru to facilitate grain exports from Brazil?","The Chinese company PowerChina is involved in constructing the port."
"How much is PowerChina investing in Brazil's energy sector?","PowerChina is investing R$3 billion in Brazil's energy sector."
"Which Brazilian city is the Atlantic terminus for the Bioceanic Railway project?","The Brazilian city of Ilhéus is the Atlantic terminus for the Bioceanic Railway."
"What is the focus of the Brazil-China Summit held in Shanghai in April 2025?","The summit focused on globalization and business, discussing various bilateral business opportunities."
"Which Brazilian company is expanding its logistics infrastructure with a R$1.2 billion investment?","The Brazilian company Cofco is expanding its logistics infrastructure."
"What is the significance of the Brazil-China trade seminar?","The seminar generated multiple agreements to deepen bilateral business links."
"Which Brazilian agricultural products are included in the new export protocols to China?","The new export protocols include sorghum, fresh grapes, sesame, and fishmeal."
"What is the goal of the China-Brazil Subcommittee on the Environment and Climate Change?","The goal is to strengthen cooperation in environmental protection and combating climate change."
"Which Brazilian state is involved in the Bioceanic Railway project?","The Brazilian state of Bahia is involved in the Bioceanic Railway project."
"Which Chinese company is investing in Brazil's electric vehicle manufacturing?","The Chinese company BYD is investing in Brazil's electric vehicle manufacturing."
"What is the significance of the Brazil-China joint statement on global issues?","The joint statement emphasizes strengthening the China-Brazil community with a shared future and upholding multilateralism."
"Which Brazilian company is collaborating with Spacesail to expand internet access in remote areas?","The Brazilian company Telebras is collaborating with Spacesail."
"Which Brazilian city is hosting the 2025 World Wushu Championships?","The Brazilian city of Brasília is hosting the 2025 World Wushu Championships."
"What significant event occurred between Brazil and China in May 2025?","In May 2025, Brazil and China signed 20 cooperation agreements worth R$27 billion to strengthen economic ties."
"Which sectors are targeted by the new Brazil-China agreements?","The agreements focus on energy, agriculture, infrastructure, technology, and environmental sustainability."
"What is the value of Chinese investment announced during President Lula's visit to China?","President Lula announced R$27 billion in Chinese investments during his visit to China."
"Which Brazilian official signed an environmental cooperation agreement with China?","Marina Silva, Brazil's Minister of Environment and Climate Change, signed the agreement with China."
"What is the purpose of the Brazil-China environmental cooperation agreement?","The agreement aims to restore vegetation and enhance carbon sinks to combat climate change."
"How many additional agreements were signed during the environmental cooperation ceremony?","During the ceremony, 26 additional agreements were announced and signed between the two governments."
"What is the 'Golden 50 Years' in Brazil-China relations?","The 'Golden 50 Years' marks a new chapter celebrating five decades of deepening cooperation between Brazil and China."
"How long has China been Brazil's largest trading partner?","China has been Brazil's largest trading partner since 2009."
"What was the bilateral trade value between Brazil and China in 2024?","Bilateral trade between Brazil and China reached $188 billion in 2024."
"What is the focus of the Brazil-China strategic partnership?","The partnership focuses on economic cooperation, sustainable development, and multilateralism."
"Which Brazilian president led a state visit to China in May 2025?","President Luiz Inácio Lula da Silva led the state visit to China in May 2025."
"What is the significance of the Brazil-China Business Forum held in Beijing?","The forum aimed to boost cooperation between Chinese and Brazilian companies and resulted in several agreements."
"What is the role of the Brazil-China Commission of High Level of Agreement and Cooperation (COSBAN)?","COSBAN oversees bilateral cooperation and approved a Work Plan for 2025 to 2029 focusing on environment and climate change."
"What is the value of the sustainable aviation fuel investment announced during Lula's visit?","Envision Energy committed a $1 billion investment to produce sustainable aviation fuel from sugarcane in Brazil."
"What is the focus of the partnership between Windey Energy Technology and Brazil’s Senai Cimatec university?","The partnership focuses on renewable energy solutions, including energy storage."
"What is the significance of the ethanol agreement signed between Brazil and China?","The agreement allows the entry of Brazilian ethanol into the Chinese market, promoting sustainable mobility and energy diversification."
"What is the value of the agreements secured by Brazil during Lula's visit to China?","Brazil secured agreements totaling $13.9 billion during President Lula's visit to China."
"What is the purpose of the Brazil-China joint statement issued in May 2025?","The joint statement aims to strengthen the building of a China-Brazil community with a shared future for a more just and sustainable world."
"What is the significance of the Brazil-China agricultural partnership?","The partnership benefits both countries by enhancing cooperation in agriculture, including the export of Brazilian soybeans to China."
"What is the role of Chinese investment in Brazilian infrastructure?","Chinese investment aims to improve Brazilian infrastructure, including the construction of export terminals and logistics networks."
"What is the significance of the Port of Santos in Brazil-China trade?","The Port of Santos is being developed by Chinese firms to triple its annual capacity, facilitating increased agricultural exports to China."
"What is the focus of the Brazil-China trade seminar held in 2025?","The seminar generated multiple agreements to deepen bilateral business links between Brazil and China."
"What is the significance of the Brazil-China strategic partnership established in 1993?","Brazil was the first country to have a strategic partnership with China, established in 1993, highlighting long-standing cooperation."
"What is the value of Brazil's trade surplus with China in 2023?","Brazil registered a favorable trade surplus of $51 billion with China in 2023."
"What is the role of the Brazil-China Commission of High Level of Agreement and Cooperation (COSBAN)?","COSBAN oversees bilateral cooperation and approved a Work Plan for 2025 to 2029 focusing on environment and climate change."
"What is the significance of the ethanol agreement signed between Brazil and China?","The agreement allows the entry of Brazilian ethanol into the Chinese market, promoting sustainable mobility and energy diversification."
"What is the value of the agreements secured by Brazil during Lula's visit to China?","Brazil secured agreements totaling $13.9 billion during President Lula's visit to China."
"What is the purpose of the Brazil-China joint statement issued in May 2025?","The joint statement aims to strengthen the building of a China-Brazil community with a shared future for a more just and sustainable world."
"What is the significance of the Brazil-China agricultural partnership?","The partnership benefits both countries by enhancing cooperation in agriculture, including the export of Brazilian soybeans to China."
"What is the role of Chinese investment in Brazilian infrastructure?","Chinese investment aims to improve Brazilian infrastructure, including the construction of export terminals and logistics networks."
"What is the significance of the Port of Santos in Brazil-China trade?","The Port of Santos is being developed by Chinese firms to triple its annual capacity, facilitating increased agricultural exports to China."
"What is the focus of the Brazil-China trade seminar held in 2025?","The seminar generated multiple agreements to deepen bilateral business links between Brazil and China."
"What is the significance of the Brazil-China strategic partnership established in 1993?","Brazil was the first country to have a strategic partnership with China, established in 1993, highlighting long-standing cooperation."
"What is the value of Brazil's trade surplus with China in 2023?","Brazil registered a favorable trade surplus of $51 billion with China in 2023."
"What is the role of the Brazil-China Commission of High Level of Agreement and Cooperation (COSBAN)?","COSBAN oversees bilateral cooperation and approved a Work Plan for 2025 to 2029 focusing on environment and climate change."
"What is the significance of the ethanol agreement signed between Brazil and China?","The agreement allows the entry of Brazilian ethanol into the Chinese market, promoting sustainable mobility and energy diversification."
"What is the value of the agreements secured by Brazil during Lula's visit to China?","Brazil secured agreements totaling $13.9 billion during President Lula's visit to China."
"What is the purpose of the Brazil-China joint statement issued in May 2025?","The joint statement aims to strengthen the building of a China-Brazil community with a shared future for a more just and sustainable world."
"What is the significance of the Brazil-China agricultural partnership?","The partnership benefits both countries by enhancing cooperation in agriculture, including the export of Brazilian soybeans to China."
"What is the role of Chinese investment in Brazilian infrastructure?","Chinese investment aims to improve Brazilian infrastructure, including the construction of export terminals and logistics networks."
"What is the significance of the Port of Santos in Brazil-China trade?","The Port of Santos is being developed by Chinese firms to triple its annual capacity, facilitating increased agricultural exports to China."
"What is the focus of the Brazil-China trade seminar held in 2025?","The seminar generated multiple agreements to deepen bilateral business links between Brazil and China."
"What is the significance of the Brazil-China strategic partnership established in 1993?","Brazil was the first country to have a strategic partnership with China, established in 1993, highlighting long-standing cooperation."
"What is the value of Brazil's trade surplus with China in 2023?","Brazil registered a favorable trade surplus of $51 billion with China in 2023."
"What is the role of the Brazil-China Commission of High Level of Agreement and Cooperation (COSBAN)?","COSBAN oversees bilateral cooperation and approved a Work Plan for 2025 to 2029 focusing on environment and climate change."
"What is the significance of the ethanol agreement signed between Brazil and China?","The agreement allows the entry of Brazilian ethanol into the Chinese market, promoting sustainable mobility and energy diversification."
"What is the value of the agreements secured by Brazil during Lula's visit to China?","Brazil secured agreements totaling $13.9 billion during President Lula's visit to China."
"What is the purpose of the Brazil-China joint statement issued in May 2025?","The joint statement aims to strengthen the building of a China-Brazil community with a shared future for a more just and sustainable world."
"What is the significance of the Brazil-China agricultural partnership?","The partnership benefits both countries by enhancing cooperation in agriculture, including the export of Brazilian soybeans to China."
"What is the role of Chinese investment in Brazilian infrastructure?","Chinese investment aims to improve Brazilian infrastructure, including the construction of export terminals and logistics networks."
"What is the significance of the Port of Santos in Brazil-China trade?","The Port of Santos is being developed by Chinese firms to triple its annual capacity, facilitating increased agricultural exports to China."
"What is the focus of the Brazil-China trade seminar held in 2025?","The seminar generated multiple agreements to deepen bilateral business links between Brazil and China."
"What is the significance of the Brazil-China strategic partnership established in 1993?","Brazil was the first country to have a strategic partnership with China, established in 1993, highlighting long-standing cooperation."
"What is the value of Brazil's trade surplus with China in 2023?","Brazil registered a favorable trade surplus of $51 billion with China in 2023."
"What is a key aspect of the Brazil-China partnership in 2025?","A key aspect is financial strategic cooperation."
"Which central banks signed a Memorandum of Understanding (MoU) on financial strategic cooperation?","The People's Bank of China (PBOC) and the Central Bank of Brazil (BCB) signed the MoU."
"What was renewed between China and Brazil in May 2025?","A bilateral local currency swap agreement was renewed."
"What is the value of the renewed local currency swap agreement in RMB?","The value is RMB190 billion."
"What is the value of the renewed local currency swap agreement in BRL?","The value is BRL157 billion."
"For how long is the renewed swap agreement valid?","It is valid for five years."
"What is one purpose of the renewed swap arrangement?","It supports the wider use of local currencies."
"Besides currency use, what else does the swap agreement promote?","It promotes bilateral trade and investment facilitation."
"What financial market aspects are being improved under the MoU?","The financial market investment environment is being improved."
"What kind of exchanges are being strengthened regarding financial markets?","Technical exchanges on financial market development are being strengthened."
"What is being promoted for financial investors?","Financial investors are being supported in expanding investment."
"What initiative is being advanced for cross-border payments?","Cross-border payment connectivity and interlinking of fast payment systems are being advanced."
"What kind of payments are specifically mentioned for interlinking?","QR code payments are mentioned."
"What was signed to combat money laundering and terrorist financing?","A Memorandum of Understanding on Cooperation in the Exchange of Financial Intelligence was signed."
"What principle guides the cooperation on financial intelligence exchange?","The principle of reciprocity guides it."
"What is the aim of jointly combating cross-border money laundering?","The aim is to disrupt networks and cut off financing for terrorism."
"What is the anticipated amount of new Chinese investment in Brazil?","$27 billion is the anticipated amount."
"What are the primary sectors for Chinese investment in Brazil?","Infrastructure and technology are the primary sectors."
"Which infrastructure project is highlighted for interconnecting Brazil?","The East–West Rail Corridor is highlighted."
"What is the expected impact of the bi-oceanic routes on trade distance?","They will shorten the distance between Brazil and China by approximately 10,000 kilometers."
"What amount of investment is expected in Brazil's public port sector from Chinese companies?","Nearly BRL 5 billion is expected."
"What specific tunnel project are Chinese companies interested in?","They are interested in the Santos-Guarujá Tunnel."
"What is the name of the AI research and development center formed through a partnership?","It is the Virtual Center for Research and Development in Artificial Intelligence."
"Which Brazilian and Chinese companies partnered for the AI center?","Dataprev and Huawei partnered for it."
"What is Telebras's partnership aimed at expanding?","It is aimed at expanding the supply of low-orbit satellites."
"What is a focus area for the AI cooperation agreement?","AI infrastructure development is a focus area."
"Beyond infrastructure, what else does the AI agreement cover?","It covers training and exchanges in AI."
"What type of models are to be jointly trained under the AI agreement?","Large language and multimodal models are to be jointly trained."
"What is the term for the AI cooperation agreement?","It has a 3-year term."
"What is the goal of Brazil-China cooperation in environmental protection?","To work together to restore vegetation and carbon sinks."
"Which Brazilian minister signed an environmental memorandum with China?","Minister Marina Silva signed it."
"What Chinese entity signed the environmental memorandum?","China's National Forests and Grasslands Administration (NFGA) signed it."
"What is crucial for addressing climate change in the agreement?","The recovery of forests and other types of vegetation is crucial."
"What unique experience does Brazil offer in vegetation recovery?","Extensive experience with agroforestry systems using native species."
"What is China's notable achievement in reforestation?","It has implemented large reforestation programs like the 'Great Green Wall'."
"What is Brazil's goal for restoring degraded land by 2030?","To restore 12 million hectares of degraded land."
"What kind of fuel is being developed with a $1 billion investment?","Renewable aviation fuel from sugarcane is being developed."
"What new energy facility is being created as part of the partnership?","A research and development center for renewable energy."
"What was the trade flow between Brazil and China as of May 2025?","$160 billion."
"What does Brazil aim to do with its traded products with China?","To diversify them and exchange products with greater added value."
"What is Brazil hoping to boost exports of to China?","Soy exports."
"Which Chinese state-owned agricultural conglomerate is building an export terminal in Brazil?","Cofco is building the terminal."
"Where is Cofco's largest export terminal outside China located?","At the Port of Santos in Brazil."
"What is the projected export increase from Cofco's new terminal by 2026?","From 4.5 million tons to 14 million tons."
"What new level has the Brazil-China relationship reached?","A "community with a shared future for a more just world and a more sustainable planet"."
"How many agreements were signed between Brazil and China in May 2025?","20 agreements were signed."
"What is a key area of cooperation for the next 50 years?","Sustainable infrastructure is a key area."
"What is being established in Brazil for vaccine research and development?","A center of excellence for vaccine research and development."
"What strategic partnership is proposed for Active Pharmaceutical Ingredients (APIs)?","To build a robust industrial platform for APIs."
"What is emphasized for talent exchange between the two countries?","Promoting personnel exchanges through training courses, seminars, and workshops."
"What is the primary focus of the Brazil-China 2025 partnership agreement?","The partnership aims to enhance economic cooperation, particularly in sustainable agriculture and advanced technology."
"Which Brazilian cities are expected to benefit most from the new trade routes with China?","São Paulo, Rio de Janeiro, and Manaus are projected to see significant benefits from the new trade routes."
"What is the projected value of bilateral trade between Brazil and China in 2025 under the new agreement?","Bilateral trade is projected to reach $200 billion by the end of 2025."
"In which technological sectors will China invest in Brazil?","China will primarily invest in Brazil's renewable energy, artificial intelligence, and biotechnology sectors."
"What environmental initiatives are part of the 2025 partnership?","Joint initiatives include Amazon rainforest preservation, sustainable energy projects, and carbon reduction programs."
"Who are the key diplomatic figures involved in formalizing the 2025 agreement?","The presidents and foreign ministers of both Brazil and China were central to the agreement's formalization."
"When was the Brazil-China 2025 partnership officially signed?","The partnership was officially signed on March 15, 2025, during a summit in Beijing."
"What infrastructure projects are planned as a result of the collaboration?","Key infrastructure projects include the expansion of port facilities and the construction of new rail links."
"How will the partnership impact Brazil's agricultural exports to China?","Brazil's agricultural exports, especially soybeans and beef, are expected to increase significantly."
"What role does the BRICS alliance play in this new agreement?","The BRICS alliance serves as a foundational framework for fostering deeper bilateral cooperation."
"Will there be an increase in cultural exchange programs between the two nations?","Yes, both nations plan to expand cultural exchange programs and educational initiatives."
"What are the main benefits for Brazil from this partnership?","Brazil will gain access to Chinese investment, advanced technology, and larger markets for its exports."
"What challenges might arise in the implementation of the 2025 partnership?","Challenges could include logistical hurdles, regulatory differences, and fluctuating global commodity prices."
"Are there any joint research and development initiatives planned?","Yes, joint R&D initiatives are planned for agricultural innovation and green technologies."
"What financial mechanisms are supporting the partnership's projects?","A joint development fund and bilateral investment treaties are supporting the projects."
"How will the partnership affect employment rates in Brazil?","The partnership is expected to create thousands of new jobs in various sectors across Brazil."
"What specific energy projects are being considered?","Specific energy projects include new solar farms and offshore wind power installations."
"What is China's strategic interest in strengthening ties with Brazil?","China seeks to diversify its supply chains, secure resources, and expand its geopolitical influence."
"How does the agreement address intellectual property rights?","The agreement includes clauses on mutual protection and respect for intellectual property rights."
"Are there any plans for joint space exploration efforts?","Yes, preliminary discussions are underway for collaborative space exploration projects."
"Which Brazilian states will see increased Chinese tourism?","Tourism is expected to increase in states like Bahia, Minas Gerais, and the Amazon region."
"What are the implications for regional stability in Latin America?","The partnership is seen as enhancing Brazil's regional influence and promoting economic stability."
"How will small and medium-sized enterprises (SMEs) in Brazil benefit?","SMEs will gain opportunities through supply chain integration and direct investment from Chinese firms."
"What is the timeframe for the initial phase of the partnership's implementation?","The initial phase is expected to be implemented over the next two years, from 2025 to 2027."
"Are there any provisions for technology transfer from China to Brazil?","Yes, the agreement outlines provisions for technology transfer, especially in renewable energy and AI."
"What specific products will Brazil import more of from China?","Brazil is expected to increase imports of Chinese electronics, machinery, and consumer goods."
"How does this partnership compare to previous bilateral agreements?","This partnership is more comprehensive and ambitious, focusing on deeper technological and environmental cooperation."
"What role do state-owned enterprises play in the Chinese investments?","Chinese state-owned enterprises are major investors in the infrastructure and energy sectors."
"What measures are in place to ensure fair labor practices?","The agreement includes clauses on adhering to international labor standards and fair wages."
"How will the partnership influence Brazil's foreign policy?","It will likely strengthen Brazil's ties with Asian economies and its standing in global forums."
"Are there any joint educational scholarships or exchange programs for students?","Yes, new scholarship programs and student exchange initiatives are being established."
"What is the projected growth rate for Brazil's economy due to this partnership?","Brazil's economy is expected to see an additional 0.5% to 1.0% growth annually due to the partnership."
"What agricultural technologies will be jointly developed?","Joint development will focus on precision agriculture, biotechnology, and sustainable farming methods."
"How will the partnership impact Brazil's energy matrix?","It will accelerate Brazil's transition towards a cleaner and more diversified energy matrix."
"What are the specific targets for carbon emission reduction?","Both nations aim for a 10% reduction in joint carbon emissions by 2030 through collaborative projects."
"Which international organizations are supporting this partnership?","The UN and various development banks are offering support for specific projects within the partnership."
"How will disputes arising from the agreement be resolved?","A joint arbitration committee and international legal frameworks will be used for dispute resolution."
"What are the long-term goals of the Brazil-China 2025 partnership?","Long-term goals include achieving sustainable development, fostering innovation, and promoting global stability."
"Are there any new direct flights planned between Brazilian and Chinese cities?","Yes, several new direct flight routes are being planned to boost tourism and business travel."
"What is the public sentiment in Brazil regarding the partnership?","Public sentiment is generally positive, with expectations of economic growth and job creation."
"How will the partnership affect commodity prices for Brazil?","It is expected to stabilize and potentially increase prices for key Brazilian commodities."
"What are the security implications of deepened bilateral ties?","The agreement focuses primarily on economic cooperation, with no direct security implications mentioned."
"Are there any specific programs for cultural heritage preservation?","Discussions are ongoing for collaborative programs on cultural heritage preservation."
"How will the partnership address issues of deforestation in the Amazon?","It includes commitments to sustainable practices and investments in anti-deforestation technologies."
"What kind of financial instruments will be used for investment?","Investment will utilize a mix of direct foreign investment, loans, and joint ventures."
"Will there be increased cooperation in scientific research?","Yes, enhanced cooperation in scientific research, particularly in climate change and health."
"What is the role of Brazil's national development bank in the partnership?","Brazil's national development bank will co-finance several key infrastructure and industrial projects."
"How will the partnership affect Brazil's position in global supply chains?","Brazil will become a more integrated and strategic partner in global supply chains, especially for agriculture and minerals."
"Are there any mutual recognition agreements for professional qualifications?","Initial talks have begun for mutual recognition agreements for certain professional qualifications."
"What future summits or meetings are planned to review the partnership's progress?","Annual ministerial-level summits are planned to review and adjust the partnership's progress."
"What was the value of Brazil's agribusiness exports to China in 2023?","US$ 60 billion"
"Which Brazilian product leads exports to China?","Soybeans"
"How many new Brazilian meat plants were approved for export to China?","38"
"What percentage of Brazil's beef exports goes to China?","More than half"
"What is the expected volume of Brazilian coffee exports to China by 2029?","240 thousand tons"
"What is the estimated value of the Brazil-China coffee export agreement?","US$ 2.5 billion"
"Which byproduct used in animal feed is gaining importance in the Chinese market?","Dried Distillers Grains (DDG)"
"What are the key factors behind the growing presence of Brazilian meat in China?","Quality control, sanitary standards, and certification processes"
"What was the focus of the Brazil-China Dialogue on Food Security in 2025?","Biotechnology and low-carbon agriculture"
"What areas of Brazilian agriculture are relevant to China's food security needs?","Bioinputs, tropical seed technologies, and climate-resilient farming"
"How long have Brazil and China had diplomatic relations as of 2024?","50 years"
"What did the central banks of Brazil and China sign in May 2025?","A memorandum of understanding (MOU) on financial strategic cooperation"
"What is the value of the renewed bilateral currency swap agreement between Brazil and China?","190 billion yuan (about 26.39 billion dollars)"
"For how long is the currency swap agreement valid?","Five years"
"Which Brazilian organizations co-hosted the Brazil-China Economic Summit 2025?","CEBRI, Valor Econômico, and Caixin Global"
"When was the Brazil-China Economic Summit 2025 held?","April 23 to 25, 2025"
"What sectors were discussed at the Brazil-China Economic Summit 2025?","Agribusiness, mining, automotive industry, smart cities, digital transformation, and energy transition"
"What Chinese model was suggested as a reference for Brazilian metropolises?","China's digital urbanization model"
"What renewable energy sources were mentioned for Brazil-China cooperation?","Solar, wind power, and biofuels"
"In which sectors were Chinese AI case studies presented at the summit?","Industry, smart cities, and healthcare"
"What was a key topic in financial cooperation between Brazil and China?","Aligning financial systems and promoting public-private investment models"
"What challenges were mentioned for Chinese investment in Brazil?","Political and bureaucratic hurdles"
"What new Brazilian products are gaining importance in China besides soybeans?","Corn oil and peanuts"
"What organization represents Brazilian coffee exports to China?","ApexBrasil"
"What Brazilian agricultural expertise is China particularly interested in?","Sustainable agriculture and food security solutions"
"What was the purpose of site visits during the Brazil-China Economic Summit?","To provide insights into China's innovation ecosystem and potential partnerships"
"What does the MOU between Brazilian and Chinese central banks aim to facilitate?","Cooperation in investment environments, financial technical exchange, and financial infrastructure"
"What is Brazil's position in global coffee production?","World's largest coffee producer"
"What is driving Chinese interest in Brazilian coffee?","Rising interest in coffee culture among younger Chinese consumers"
"What financial agreement was renewed alongside the MOU in May 2025?","Bilateral currency swap agreement"
"What ministry represents Brazil in agricultural trade with China?","Ministry of Agriculture and Livestock (MAPA)"
"What are the common priorities in Brazil-China agricultural cooperation?","Food security and sustainability"
"What Brazilian technology is relevant to China's climate challenges?","Climate-resilient farming models"
"What was the strategic focus of Brazil-China relations in 2025?","Innovation, climate resilience, and mutual strategic interests"
"What type of Brazilian coffee products are being tailored for China?","Traditional and specialty products"
"What does the Brazil-China partnership offer to global food systems?","Lessons on addressing market demands and long-term challenges"
"What was the significance of 2024 in Brazil-China relations?","50th anniversary of diplomatic relations"
"What financial institution signed the MOU with Brazil's central bank?","People's Bank of China (PBOC)"
"What other agreement did Brazil's finance ministry sign with China?","MOU to promote cooperation in financial markets and international policy coordination"
"What is the Brazilian equivalent of 190 billion yuan?","157 billion reais"
"What makes Brazilian meat exports competitive in China?","Credibility, traceability, and alignment with market expectations"
"What are the key components of Brazil's agricultural exports to China?","Soybeans, meat, coffee, and byproducts"
"What demonstrates the diversification of Brazil-China trade?","Inclusion of corn oil, peanuts, and DDG alongside traditional exports"
"What is the timeframe for the coffee export agreement?","2025 to 2029"
